"Occ";"Fréq";"CoFréq";"Indice";"DistMoy"
"Live";18;18;51.1989;0.7777778
"-";1826;14;6.125;0.0
"apprend";76;4;5.2743;3.25
"Jeux";446;6;4.2369;6.5
"parle";151;4;4.1017;3.25
"Histoire";14;2;3.717;5.0
"établir";22;2;3.3158;7.5
"solennelle";31;2;3.0157;7.5
"Atellanes";32;2;2.9881;5.5
"de";11325;30;2.8336;5.6666665
"clairement";54;2;2.5372;3.5
"paroles";249;3;2.2182;1.0
"Fêtes";91;2;2.096;7.5
"fit";98;2;2.0342;7.5
"et";7449;3;-2.3117;4.6666665
